{
  "C": 0.0019703123072438385,
  "alpha": 2.541574267518147,
  "fit_range": [
    0.07195442475162893,
    4.350498136816118
  ],
  "logC": -6.229563217201188,
  "meta": {
    "L": 6.283185307179586,
    "n": 64,
    "nu": 1.0,
    "omega_rms": 8.680384983731527,
    "t": 0.0
  },
  "npts": 14,
  "ok": true,
  "r2": 0.982424247474419
}