{
  "C": 0.045657921319567044,
  "alpha": 0.4070199967237394,
  "fit_range": [
    8.660382156335361e-05,
    0.43404729750887105
  ],
  "logC": -3.0865781641124315,
  "meta": {
    "L": 6.283,
    "n": 64,
    "nu": 1.0,
    "omega_rms": 0.8660382156335361,
    "t": 0.0
  },
  "npts": 28,
  "ok": true,
  "r2": 0.6832468807585286
}