{
  "C": 0.015624999999999977,
  "alpha": -5.056745365127005e-16,
  "fit_range": [
    0.0009839273215358235,
    4.9313181237083095
  ],
  "logC": -4.158883083359673,
  "meta": {
    "L": 6.283,
    "n": 64,
    "nu": 1.0,
    "omega_rms": 9.839273215358235,
    "t": 0.0
  },
  "npts": 28,
  "ok": true,
  "r2": -1.5357142857142856
}