{
  "C": 0.973925724643941,
  "alpha": 0.007410208090092506,
  "fit_range": [
    0.0010251960791715633,
    0.21899619350958005
  ],
  "logC": -0.026420236313165042,
  "meta": {
    "L": 6.283,
    "n": 64,
    "nu": 1.0,
    "omega_rms": 2.1165169526310827,
    "t": 0.0
  },
  "npts": 18,
  "ok": true,
  "r2": 0.9875390218477604
}