{
  "C": 0.994451472683176,
  "alpha": 0.0019012339436071718,
  "fit_range": [
    0.0001663697327788737,
    0.03553889732315507
  ],
  "logC": -0.005563977571794903,
  "meta": {
    "L": 6.283,
    "n": 64,
    "nu": 1.0,
    "omega_rms": 0.3434702560662665,
    "t": 0.0
  },
  "npts": 18,
  "ok": true,
  "r2": 0.9870257844297519
}