{
  "C": 0.002757634093101413,
  "alpha": 3.0332271140921288,
  "fit_range": [
    0.09800618497559782,
    4.32213102619429
  ],
  "logC": -5.893382179514352,
  "meta": {
    "L": 6.283185307179586,
    "n": 128,
    "nu": 1.0,
    "omega_rms": 8.623785156923239,
    "t": 0.0
  },
  "npts": 13,
  "ok": true,
  "r2": 0.9989936809313172
}