{
  "C": 0.002720141426276465,
  "alpha": 2.9562134951159655,
  "fit_range": [
    0.09798395432794403,
    4.321150641415708
  ],
  "logC": -5.907071405071339,
  "meta": {
    "L": 6.283,
    "n": 64,
    "nu": 1.0,
    "omega_rms": 8.621829032120367,
    "t": 0.0
  },
  "npts": 13,
  "ok": true,
  "r2": 0.9977790910384304
}