{
  "fisher": {
    "J": [
      81080446265.4379,
      21022813008.713814,
      5522117075.609058,
      1519482376.0521,
      481046087.61567485,
      202151072.98784617,
      111140812.44114448,
      61512825.917142875,
      26915089.88808977,
      8970428.906231018,
      2536105.4655884188,
      674182.8463646367,
      177503.549642358,
      48164.24664236235,
      14658.617332803451,
      5898.893416273828,
      3425.8551811624593,
      2439.162608601196
    ],
    "eps_abs": [
      8.66038215633536e-07,
      1.7047264657464483e-06,
      3.3556167274794815e-06,
      6.605261224010883e-06,
      1.3001924647751188e-05,
      2.5593241328788557e-05,
      5.037823395068683e-05,
      9.916549542848668e-05,
      0.00019519928970124472,
      0.00038423407794446323,
      0.0007563338313361218,
      0.001488782222242814,
      0.0029305478790373324,
      0.005768547436301624,
      0.011354920956211451,
      0.022351247232608902,
      0.04399662972377842,
      0.08660382156335361
    ],
    "eps_rel": [
      1e-06,
      1.9684194472866114e-06,
      3.874675120456128e-06,
      7.626985859023451e-06,
      1.5013107289081743e-05,
      2.9552092352028878e-05,
      5.817091329374358e-05,
      0.00011450475699382824,
      0.00022539339047347913,
      0.0004436687330978611,
      0.0008733261623828437,
      0.0017190722018585747,
      0.003383855153428233,
      0.006660846290809161,
      0.013111339374215656,
      0.025808615404180765,
      0.05080218046913023,
      0.1
    ]
  },
  "meta": {
    "L": 6.283,
    "n": 64,
    "nu": 1.0,
    "omega_rms": 0.8660382156335361,
    "t": 0.0
  },
  "notes": [
    "u not provided: strain residue R(delta)=\u222b_{|\u03c9|<\u03b4}||S|| cannot be computed. Provide dataset `u` for full NS-PCM measurements."
  ],
  "nspcm": {
    "S_eps0": 92.51985418039456,
    "eps0_abs": 0.0008660382156335362,
    "mean_G": 7.833592348438614,
    "mean_Psi": 0.673996044231935
  },
  "sublevel": {
    "Q1_grad_omega": [
      0.26268783518956745,
      0.4619436229868548,
      0.7046082584603657,
      0.91710074240861,
      0.9194183233001714,
      0.926371065893318,
      0.926371065893318,
      0.926371065893318,
      0.926371065893318,
      0.926371065893318,
      0.926371065893318,
      0.926371065893318,
      0.926371065893318,
      0.926371065893318,
      0.926371065893318,
      0.9420173554675976,
      0.9420173554675976,
      0.9420173554675976,
      1.020443282730994,
      1.1129364427103776,
      1.4569824010775962,
      2.0261354227165964,
      3.394479752705368,
      6.062754582063955,
      10.152244579055631,
      19.906426229052673,
      33.27232687397355,
      59.59378982204853
    ],
    "Q2_grad_omega2": [
      0.2532498535978964,
      0.5646030043184738,
      1.0308651997625118,
      1.4788948002075324,
      1.484571664935735,
      1.5016022587208926,
      1.5016022587208926,
      1.5016022587208926,
      1.5016022587208926,
      1.5016022587208926,
      1.5016022587208926,
      1.5016022587208926,
      1.5016022587208926,
      1.5016022587208926,
      1.5016022587208926,
      1.5056450565391206,
      1.5056450565391206,
      1.5056450565391206,
      1.5353155618816028,
      1.5845570655223256,
      1.8216522104638657,
      2.31894804410838,
      3.9150371337057943,
      7.463271502564801,
      12.419395975810913,
      27.600097486788428,
      47.450949330306145,
      89.95691533203198
    ],
    "R_strain_opnorm": [
      null,
      null,
      null,
      null,
      null,
      null,
      null,
      null,
      null,
      null,
      null,
      null,
      null,
      null,
      null,
      null,
      null,
      null,
      null,
      null,
      null,
      null,
      null,
      null,
      null,
      null,
      null,
      null
    ],
    "delta_abs": [
      8.660382156335361e-05,
      0.00011873372515207129,
      0.00016278378059996672,
      0.00022317634852675062,
      0.0003059744795099315,
      0.0004194906078954499,
      0.0005751210702093286,
      0.000788490228799498,
      0.0010810190638398912,
      0.0014820757108994342,
      0.0020319238451130517,
      0.002785764911991845,
      0.0038192800205330267,
      0.005236227871365147,
      0.007178861506215149,
      0.0098422096576904,
      0.013493656460995797,
      0.018499785212876752,
      0.02536318112972895,
      0.03477288788043204,
      0.047673583426323975,
      0.06536042000657757,
      0.0896090496330797,
      0.1228538888724346,
      0.16843251962699995,
      0.23092076228337594,
      0.31659206055709566,
      0.43404729750887105
    ],
    "delta_rel": [
      0.0001,
      0.00013709986812211695,
      0.00018796373839101882,
      0.00025769803745148776,
      0.00035330366949927364,
      0.00048437886495410415,
      0.0006640827850634838,
      0.0009104566225437186,
      0.0012482348288165197,
      0.001711328304161781,
      0.0023462288481422623,
      0.003216676656646109,
      0.004410059454176736,
      0.006046185695783263,
      0.008289312615337153,
      0.011364636663857255,
      0.015580901878706048,
      0.021361395927942436,
      0.029286445646252372,
      0.04015167835866747,
      0.055047898078549734,
      0.07547059566968904,
      0.1034700871341199,
      0.1418573530067179,
      0.19448624389373614,
      0.26664038389397127,
      0.36556361467894105,
      0.5011872336272722
    ],
    "m": [
      0.00141143798828125,
      0.001949310302734375,
      0.002475738525390625,
      0.0028839111328125,
      0.002887725830078125,
      0.002899169921875,
      0.002899169921875,
      0.002899169921875,
      0.002899169921875,
      0.002899169921875,
      0.002899169921875,
      0.002899169921875,
      0.002899169921875,
      0.002899169921875,
      0.002899169921875,
      0.003143310546875,
      0.003143310546875,
      0.003143310546875,
      0.003997802734375,
      0.004730224609375,
      0.006927490234375,
      0.009857177734375,
      0.015350341796875,
      0.024749755859375,
      0.03940582275390625,
      0.067169189453125,
      0.105987548828125,
      0.175628662109375
    ]
  }
}