{
  "fisher": {
    "J": [
      359495705716971.4,
      92780864084872.33,
      23945456382174.098,
      6179990746284.865,
      1594970045556.3381,
      411639686703.23975,
      106238505425.93103,
      27418689110.245453,
      7076385855.048416,
      1826319043.5621111,
      471349491.7216929,
      121650611.23809955,
      31398172.080637477,
      8105267.0852942895,
      2093690.5075010979,
      542184.6243385212,
      141757.78416557625,
      38395.32372078439
    ],
    "eps_abs": [
      9.839273215358234e-06,
      1.9367816744277417e-05,
      3.8123987130918924e-05,
      7.504399767660547e-05,
      0.00014771806442876148,
      0.00029077111073711067,
      0.0005723595090840574,
      0.0011266435885204777,
      0.0022177071498044832,
      0.004365377882061706,
      0.00859289471780511,
      0.01691442107101398,
      0.03329467537577834,
      0.06553788650077683,
      0.1290060503221919,
      0.25393801827183776,
      0.49985653357170834,
      0.9839273215358235
    ],
    "eps_rel": [
      1e-06,
      1.9684194472866114e-06,
      3.874675120456128e-06,
      7.626985859023451e-06,
      1.5013107289081743e-05,
      2.9552092352028878e-05,
      5.817091329374358e-05,
      0.00011450475699382824,
      0.00022539339047347913,
      0.0004436687330978611,
      0.0008733261623828437,
      0.0017190722018585747,
      0.003383855153428233,
      0.006660846290809161,
      0.013111339374215656,
      0.025808615404180765,
      0.05080218046913023,
      0.1
    ]
  },
  "meta": {
    "L": 6.283,
    "n": 64,
    "nu": 1.0,
    "omega_rms": 9.839273215358235,
    "t": 0.0
  },
  "notes": [
    "u not provided: strain residue R(delta)=\u222b_{|\u03c9|<\u03b4}||S|| cannot be computed. Provide dataset `u` for full NS-PCM measurements."
  ],
  "nspcm": {
    "S_eps0": 9334.311164313052,
    "eps0_abs": 0.009839273215358236,
    "mean_G": 12.3990108124015,
    "mean_Psi": 0.4059866595519445
  },
  "sublevel": {
    "Q1_grad_omega": [
      367.2573331266216,
      367.2573331266216,
      367.2573331266216,
      367.2573331266216,
      367.2573331266216,
      367.2573331266216,
      367.2573331266216,
      367.2573331266216,
      367.2573331266216,
      367.2573331266216,
      367.2573331266216,
      367.2573331266216,
      367.2573331266216,
      367.2573331266216,
      367.2573331266216,
      367.2573331266216,
      367.2573331266216,
      367.2573331266216,
      367.2573331266216,
      367.2573331266216,
      367.2573331266216,
      367.2573331266216,
      367.2573331266216,
      367.2573331266216,
      367.2573331266216,
      367.2573331266216,
      367.2573331266216,
      367.2573331266216
    ],
    "Q2_grad_omega2": [
      34803.2456822738,
      34803.2456822738,
      34803.2456822738,
      34803.2456822738,
      34803.2456822738,
      34803.2456822738,
      34803.2456822738,
      34803.2456822738,
      34803.2456822738,
      34803.2456822738,
      34803.2456822738,
      34803.2456822738,
      34803.2456822738,
      34803.2456822738,
      34803.2456822738,
      34803.2456822738,
      34803.2456822738,
      34803.2456822738,
      34803.2456822738,
      34803.2456822738,
      34803.2456822738,
      34803.2456822738,
      34803.2456822738,
      34803.2456822738,
      34803.2456822738,
      34803.2456822738,
      34803.2456822738,
      34803.2456822738
    ],
    "R_strain_opnorm": [
      null,
      null,
      null,
      null,
      null,
      null,
      null,
      null,
      null,
      null,
      null,
      null,
      null,
      null,
      null,
      null,
      null,
      null,
      null,
      null,
      null,
      null,
      null,
      null,
      null,
      null,
      null,
      null
    ],
    "delta_abs": [
      0.0009839273215358235,
      0.0013489630602430917,
      0.0018494265766093537,
      0.0025355613975468067,
      0.003476251332191981,
      0.004765935992028541,
      0.006534091959855636,
      0.008958231459939934,
      0.012281723517651654,
      0.016838226745823442,
      0.023085186662626964,
      0.03164976047020614,
      0.04339177986561852,
      0.05949007297160236,
      0.08156081158981797,
      0.11181976512896885,
      0.15330475052627723,
      0.21018061079646647,
      0.2881573402202158,
      0.3950633334261157,
      0.5416313091260444,
      0.7425758105199025,
      1.0180704569295287,
      1.3957732538406173,
      1.913603290299267,
      2.6235475873807887,
      3.596880282420043,
      4.9313181237083095
    ],
    "delta_rel": [
      0.0001,
      0.00013709986812211695,
      0.00018796373839101882,
      0.00025769803745148776,
      0.00035330366949927364,
      0.00048437886495410415,
      0.0006640827850634838,
      0.0009104566225437186,
      0.0012482348288165197,
      0.001711328304161781,
      0.0023462288481422623,
      0.003216676656646109,
      0.004410059454176736,
      0.006046185695783263,
      0.008289312615337153,
      0.011364636663857255,
      0.015580901878706048,
      0.021361395927942436,
      0.029286445646252372,
      0.04015167835866747,
      0.055047898078549734,
      0.07547059566968904,
      0.1034700871341199,
      0.1418573530067179,
      0.19448624389373614,
      0.26664038389397127,
      0.36556361467894105,
      0.5011872336272722
    ],
    "m": [
      0.015625,
      0.015625,
      0.015625,
      0.015625,
      0.015625,
      0.015625,
      0.015625,
      0.015625,
      0.015625,
      0.015625,
      0.015625,
      0.015625,
      0.015625,
      0.015625,
      0.015625,
      0.015625,
      0.015625,
      0.015625,
      0.015625,
      0.015625,
      0.015625,
      0.015625,
      0.015625,
      0.015625,
      0.015625,
      0.015625,
      0.015625,
      0.015625
    ]
  }
}