{
  "fisher": {
    "J": [
      21859.74535764066,
      21859.745258283772,
      21859.744873308213,
      21859.743381654454,
      21859.737602002784,
      21859.715208060967,
      21859.628443776535,
      21859.29233488059,
      21857.99113978268,
      21852.966149225103,
      21833.743366803883,
      21762.779878203,
      21531.293184313476,
      20992.740209869142,
      20253.234407332,
      19427.305220622882,
      18297.98192252412,
      16510.002681204936
    ],
    "eps_abs": [
      8.680384983731526e-06,
      1.708663861191181e-05,
      3.3633671732445514e-05,
      6.620517352179987e-05,
      0.0001303195510712955,
      0.00025652353869039875,
      0.0005049459222449603,
      0.0009939453731750542,
      0.001956501402098325,
      0.003851215408533864,
      0.0075808073058479175,
      0.014922208526963463,
      0.029373165460940976,
      0.05781871012168368,
      0.1138114734205495,
      0.22402871760535287,
      0.4409824844850571,
      0.8680384983731527
    ],
    "eps_rel": [
      1e-06,
      1.9684194472866114e-06,
      3.874675120456128e-06,
      7.626985859023451e-06,
      1.5013107289081743e-05,
      2.9552092352028878e-05,
      5.817091329374358e-05,
      0.00011450475699382824,
      0.00022539339047347913,
      0.0004436687330978611,
      0.0008733261623828437,
      0.0017190722018585747,
      0.003383855153428233,
      0.006660846290809161,
      0.013111339374215656,
      0.025808615404180765,
      0.05080218046913023,
      0.1
    ]
  },
  "meta": {
    "L": 6.283185307179586,
    "n": 64,
    "nu": 1.0,
    "omega_rms": 8.680384983731527,
    "t": 0.0
  },
  "notes": [],
  "nspcm": {
    "S_eps0": 16872.624658196793,
    "eps0_abs": 0.008680384983731526,
    "mean_G": 46.04364486258671,
    "mean_Psi": 0.932275959841995
  },
  "sublevel": {
    "Q1_grad_omega": [
      0.0,
      0.0,
      0.0,
      0.0,
      0.0,
      0.0,
      0.0,
      0.0,
      0.0,
      0.0,
      0.0,
      0.0,
      0.0,
      0.0,
      0.11119419070150831,
      0.11119419070150831,
      0.11119419070150831,
      0.2804593298410129,
      0.5035507047151578,
      1.394375755702311,
      2.5247867114322946,
      5.499064699056015,
      13.900181730521794,
      37.23250775735264,
      92.4457537313852,
      236.49578094314728,
      592.9345828137012,
      1459.6052856209394
    ],
    "Q2_grad_omega2": [
      0.0,
      0.0,
      0.0,
      0.0,
      0.0,
      0.0,
      0.0,
      0.0,
      0.0,
      0.0,
      0.0,
      0.0,
      0.0,
      0.0,
      6.533328837592914,
      6.533328837592914,
      6.533328837592914,
      14.201019179963561,
      29.279072870253913,
      82.3594957084394,
      140.34046565213947,
      284.1933790320486,
      747.2562877783799,
      1971.02966948467,
      4865.834676239296,
      12274.928370049194,
      30432.598714425465,
      73145.42250390428
    ],
    "R_strain_opnorm": [
      0.0,
      0.0,
      0.0,
      0.0,
      0.0,
      0.0,
      0.0,
      0.0,
      0.0,
      0.0,
      0.0,
      0.0,
      0.0,
      0.0,
      0.0052001078558482,
      0.0052001078558482,
      0.0052001078558482,
      0.017763287383809088,
      0.02603748825549902,
      0.06537411594283635,
      0.1250617236248887,
      0.26231279945821867,
      0.6582117835268384,
      1.8019006842262748,
      4.73381727847212,
      12.83081812258305,
      34.926710267229176,
      96.47093138970163
    ],
    "delta_abs": [
      0.0008680384983731527,
      0.0011900796365187966,
      0.001631597612215441,
      0.002236918174630979,
      0.003066811867418741,
      0.004204595025784527,
      0.005764494235419676,
      0.007903113994667418,
      0.01083515886422961,
      0.014854988513680664,
      0.02036616966181181,
      0.027921991747870616,
      0.038281013863398994,
      0.05248321952252939,
      0.07195442475162893,
      0.09864942144251126,
      0.13524822670091433,
      0.1854251404444553,
      0.25421762301459866,
      0.3485320258961952,
      0.4778369478670267,
      0.6551138253644423,
      0.898160190624407,
      1.2313764368714164,
      1.6882154710375346,
      2.314541184409638,
      3.173232911457698,
      4.350498136816118
    ],
    "delta_rel": [
      0.0001,
      0.00013709986812211695,
      0.00018796373839101882,
      0.00025769803745148776,
      0.00035330366949927364,
      0.00048437886495410415,
      0.0006640827850634838,
      0.0009104566225437186,
      0.0012482348288165197,
      0.001711328304161781,
      0.0023462288481422623,
      0.003216676656646109,
      0.004410059454176736,
      0.006046185695783263,
      0.008289312615337153,
      0.011364636663857255,
      0.015580901878706048,
      0.021361395927942436,
      0.029286445646252372,
      0.04015167835866747,
      0.055047898078549734,
      0.07547059566968904,
      0.1034700871341199,
      0.1418573530067179,
      0.19448624389373614,
      0.26664038389397127,
      0.36556361467894105,
      0.5011872336272722
    ],
    "m": [
      0.0,
      0.0,
      0.0,
      0.0,
      0.0,
      0.0,
      0.0,
      0.0,
      0.0,
      0.0,
      0.0,
      0.0,
      0.0,
      0.0,
      7.62939453125e-06,
      7.62939453125e-06,
      7.62939453125e-06,
      2.288818359375e-05,
      3.814697265625e-05,
      0.0001068115234375,
      0.00020599365234375,
      0.00046539306640625,
      0.00113677978515625,
      0.003082275390625,
      0.00771331787109375,
      0.02001190185546875,
      0.05091094970703125,
      0.12909698486328125
    ]
  }
}