{
  "fisher": {
    "J": [
      21829.57339714007,
      21829.573377784185,
      21829.573302786433,
      21829.573012194633,
      21829.57188624781,
      21829.567523599555,
      21829.550620203754,
      21829.485131774047,
      21829.231486479686,
      21828.250207914763,
      21824.470625621787,
      21810.154170333448,
      21759.074050446525,
      21606.25106401164,
      21269.95826638773,
      20641.067452394265,
      19444.120826841227,
      17322.96924071476
    ],
    "eps_abs": [
      8.621829032120366e-06,
      1.697137593800603e-05,
      3.3406786443583126e-05,
      6.575856810689989e-05,
      0.00012944044428734287,
      0.00025479308780062486,
      0.0005015396690609549,
      0.0009872404381652759,
      0.0019433032776322845,
      0.003825235963667201,
      0.007529668861342668,
      0.014821546618295342,
      0.029175020602317657,
      0.05742867792858969,
      0.11304372646659543,
      0.22251746957059462,
      0.4380077144637653,
      0.8621829032120367
    ],
    "eps_rel": [
      1e-06,
      1.9684194472866114e-06,
      3.874675120456128e-06,
      7.626985859023451e-06,
      1.5013107289081743e-05,
      2.9552092352028878e-05,
      5.817091329374358e-05,
      0.00011450475699382824,
      0.00022539339047347913,
      0.0004436687330978611,
      0.0008733261623828437,
      0.0017190722018585747,
      0.003383855153428233,
      0.006660846290809161,
      0.013111339374215656,
      0.025808615404180765,
      0.05080218046913023,
      0.1
    ]
  },
  "meta": {
    "L": 6.283,
    "n": 64,
    "nu": 1.0,
    "omega_rms": 8.621829032120367,
    "t": 0.0
  },
  "notes": [
    "u not provided: strain residue R(delta)=\u222b_{|\u03c9|<\u03b4}||S|| cannot be computed. Provide dataset `u` for full NS-PCM measurements."
  ],
  "nspcm": {
    "S_eps0": 16603.274822184554,
    "eps0_abs": 0.008621829032120366,
    "mean_G": 48.38624346623172,
    "mean_Psi": 0.9320103783029235
  },
  "sublevel": {
    "Q1_grad_omega": [
      0.0,
      0.0,
      0.0,
      0.0,
      0.0,
      0.0,
      0.0,
      0.0,
      0.0,
      0.0,
      0.0,
      0.0,
      0.0,
      0.0,
      0.0,
      0.047722716577579365,
      0.08052159461062802,
      0.1990387128919714,
      0.32661670986377506,
      1.1870850404027233,
      2.729955896962251,
      7.713967803311713,
      20.676824560187477,
      51.29199989088789,
      132.3188988167909,
      329.02978519514073,
      800.1989408811493,
      1802.4574270913906
    ],
    "Q2_grad_omega2": [
      0.0,
      0.0,
      0.0,
      0.0,
      0.0,
      0.0,
      0.0,
      0.0,
      0.0,
      0.0,
      0.0,
      0.0,
      0.0,
      0.0,
      0.0,
      2.4070718720619193,
      3.544062064427524,
      8.570898467754354,
      14.324475002510367,
      54.950280753643106,
      140.88092131882684,
      383.10361794504945,
      988.9541328620584,
      2358.3768617262704,
      5972.475944179582,
      14625.432308704398,
      35685.55789189679,
      80264.16048725048
    ],
    "R_strain_opnorm": [
      null,
      null,
      null,
      null,
      null,
      null,
      null,
      null,
      null,
      null,
      null,
      null,
      null,
      null,
      null,
      null,
      null,
      null,
      null,
      null,
      null,
      null,
      null,
      null,
      null,
      null,
      null,
      null
    ],
    "delta_abs": [
      0.0008621829032120367,
      0.0011820516232751415,
      0.0016205912166455637,
      0.002221828420819679,
      0.0030461238348434964,
      0.004176231760406806,
      0.005725608235991694,
      0.007849801340733688,
      0.010762067285994065,
      0.014754780056311357,
      0.020228783998911284,
      0.027733636185215297,
      0.03802277863539788,
      0.05212917936549502,
      0.07146903616323547,
      0.09798395432794403,
      0.13433587216444656,
      0.18417430357815187,
      0.2525027273204738,
      0.3461809061611182,
      0.4746135658108431,
      0.6506945728163426,
      0.892101401208979,
      1.2230698445730677,
      1.6768271439510567,
      2.298927802992761,
      3.151826986125757,
      4.321150641415708
    ],
    "delta_rel": [
      0.0001,
      0.00013709986812211695,
      0.00018796373839101882,
      0.00025769803745148776,
      0.00035330366949927364,
      0.00048437886495410415,
      0.0006640827850634838,
      0.0009104566225437186,
      0.0012482348288165197,
      0.001711328304161781,
      0.0023462288481422623,
      0.003216676656646109,
      0.004410059454176736,
      0.006046185695783263,
      0.008289312615337153,
      0.011364636663857255,
      0.015580901878706048,
      0.021361395927942436,
      0.029286445646252372,
      0.04015167835866747,
      0.055047898078549734,
      0.07547059566968904,
      0.1034700871341199,
      0.1418573530067179,
      0.19448624389373614,
      0.26664038389397127,
      0.36556361467894105,
      0.5011872336272722
    ],
    "m": [
      0.0,
      0.0,
      0.0,
      0.0,
      0.0,
      0.0,
      0.0,
      0.0,
      0.0,
      0.0,
      0.0,
      0.0,
      0.0,
      0.0,
      0.0,
      3.814697265625e-06,
      7.62939453125e-06,
      1.9073486328125e-05,
      3.0517578125e-05,
      0.00011444091796875,
      0.000244140625,
      0.000732421875,
      0.00206756591796875,
      0.005275726318359375,
      0.013919830322265625,
      0.0350189208984375,
      0.0848846435546875,
      0.19195938110351562
    ]
  }
}