{
  "fisher": {
    "J": [
      21751.355394346738,
      21751.355379825483,
      21751.355323560332,
      21751.355105551218,
      21751.354260837783,
      21751.35098786366,
      21751.33830639211,
      21751.289173410547,
      21751.098853102652,
      21750.36223349609,
      21747.520144896116,
      21736.684493347555,
      21697.103299684983,
      21569.884439129524,
      21249.124415199774,
      20596.559141039404,
      19389.317671353856,
      17294.67380984984
    ],
    "eps_abs": [
      8.623785156923239e-06,
      1.6975226412109326e-05,
      3.341436579168932e-05,
      6.577348744310988e-05,
      0.0001294698117988792,
      0.00025485089538145137,
      0.0005016534586272546,
      0.0009874644237604785,
      0.001943744175233793,
      0.0038261038350802727,
      0.007531377196309902,
      0.014824909338067325,
      0.029181639845312603,
      0.057441707375227254,
      0.1130693738827442,
      0.22256795444331454,
      0.4381070898690209,
      0.8623785156923239
    ],
    "eps_rel": [
      1e-06,
      1.9684194472866114e-06,
      3.874675120456128e-06,
      7.626985859023451e-06,
      1.5013107289081743e-05,
      2.9552092352028878e-05,
      5.817091329374358e-05,
      0.00011450475699382824,
      0.00022539339047347913,
      0.0004436687330978611,
      0.0008733261623828437,
      0.0017190722018585747,
      0.003383855153428233,
      0.006660846290809161,
      0.013111339374215656,
      0.025808615404180765,
      0.05080218046913023,
      0.1
    ]
  },
  "meta": {
    "L": 6.283185307179586,
    "n": 128,
    "nu": 1.0,
    "omega_rms": 8.623785156923239,
    "t": 0.0
  },
  "notes": [],
  "nspcm": {
    "S_eps0": 16093.10293963896,
    "eps0_abs": 0.008623785156923238,
    "mean_G": 52.587489718358526,
    "mean_Psi": 0.9181127843056474
  },
  "sublevel": {
    "Q1_grad_omega": [
      0.0,
      0.0,
      0.0,
      0.0,
      0.0,
      0.0,
      0.0,
      0.0,
      0.0,
      0.0,
      0.0,
      0.0,
      0.0,
      0.0,
      0.0,
      0.02405940599920091,
      0.06707601627256843,
      0.16108564813849488,
      0.5099370712337732,
      1.2431400312441352,
      3.198596987441631,
      8.002762798696361,
      20.18427802830213,
      50.89467504316013,
      130.56245063964414,
      329.8165169911611,
      802.0928598201745,
      1797.9481724977788
    ],
    "Q2_grad_omega2": [
      0.0,
      0.0,
      0.0,
      0.0,
      0.0,
      0.0,
      0.0,
      0.0,
      0.0,
      0.0,
      0.0,
      0.0,
      0.0,
      0.0,
      0.0,
      1.3273721871599198,
      3.4472353196865697,
      7.4675683578331045,
      24.119698562744453,
      55.282502986390426,
      146.44221882513324,
      374.48536802984523,
      934.1808835491914,
      2310.1248826337087,
      5848.269188407722,
      14750.039238485015,
      35759.69040441048,
      79975.37123837149
    ],
    "R_strain_opnorm": [
      0.0,
      0.0,
      0.0,
      0.0,
      0.0,
      0.0,
      0.0,
      0.0,
      0.0,
      0.0,
      0.0,
      0.0,
      0.0,
      0.0,
      0.0,
      0.0013282885431747894,
      0.004403699248284472,
      0.012476523558911497,
      0.036294160052167665,
      0.09054440535527691,
      0.2297859821193675,
      0.5816282021574135,
      1.4857473099484846,
      3.883661581629975,
      10.19063096104362,
      26.23494136431533,
      66.35701106170936,
      156.69916292296327
    ],
    "delta_abs": [
      0.0008623785156923239,
      0.0011823198077276457,
      0.0016209588971762708,
      0.002222332510342389,
      0.0030468149409143496,
      0.004177179265918529,
      0.0057269072647987175,
      0.007851582307514985,
      0.010764508989102523,
      0.014758127628052986,
      0.02023337351535435,
      0.027739928406206184,
      0.038031405262078335,
      0.05214100645929731,
      0.0714852510932411,
      0.09800618497559782,
      0.13436635035306263,
      0.1842160891345505,
      0.25256001526319044,
      0.34625944785503254,
      0.4747212463696205,
      0.6508422027204196,
      0.8923038016127773,
      1.223347335259754,
      1.6772075833165545,
      2.2994493848611435,
      3.152542074179458,
      4.32213102619429
    ],
    "delta_rel": [
      0.0001,
      0.00013709986812211695,
      0.00018796373839101882,
      0.00025769803745148776,
      0.00035330366949927364,
      0.00048437886495410415,
      0.0006640827850634838,
      0.0009104566225437186,
      0.0012482348288165197,
      0.001711328304161781,
      0.0023462288481422623,
      0.003216676656646109,
      0.004410059454176736,
      0.006046185695783263,
      0.008289312615337153,
      0.011364636663857255,
      0.015580901878706048,
      0.021361395927942436,
      0.029286445646252372,
      0.04015167835866747,
      0.055047898078549734,
      0.07547059566968904,
      0.1034700871341199,
      0.1418573530067179,
      0.19448624389373614,
      0.26664038389397127,
      0.36556361467894105,
      0.5011872336272722
    ],
    "m": [
      0.0,
      0.0,
      0.0,
      0.0,
      0.0,
      0.0,
      0.0,
      0.0,
      0.0,
      0.0,
      0.0,
      0.0,
      0.0,
      0.0,
      0.0,
      1.9073486328125e-06,
      5.7220458984375e-06,
      1.5735626220703125e-05,
      4.9114227294921875e-05,
      0.00012636184692382812,
      0.0003218650817871094,
      0.0008053779602050781,
      0.0020546913146972656,
      0.005284309387207031,
      0.013788223266601562,
      0.03493070602416992,
      0.08504009246826172,
      0.19165611267089844
    ]
  }
}