{
  "fisher": {
    "J": [
      10978.155850136296,
      10107.806348344986,
      9216.108038994013,
      8436.84830336697,
      7707.009933895796,
      6959.777485945408,
      6253.383446504839,
      5617.004114674926,
      5007.649841347694,
      4405.975929140158,
      3868.843761572179,
      3367.180816709202,
      2883.3459660997933,
      2451.6192496808044,
      2052.817179911587,
      1684.4992623291405,
      1359.8560123493864,
      1066.2337722855823
    ],
    "eps_abs": [
      2.116516952631083e-06,
      4.166193130070819e-06,
      8.200815578383277e-06,
      1.6142644868100677e-05,
      3.1775496089010786e-05,
      6.254750444878848e-05,
      0.0001231197241362411,
      0.00024235125933434002,
      0.0004770489319481158,
      0.0009390323949539782,
      0.0018484096278595346,
      0.003638445458030516,
      0.007161986797478909,
      0.014097794093367456,
      0.027750372057226847,
      0.05462437202688429,
      0.10752367619353782,
      0.21165169526310829
    ],
    "eps_rel": [
      1e-06,
      1.9684194472866114e-06,
      3.874675120456128e-06,
      7.626985859023451e-06,
      1.5013107289081743e-05,
      2.9552092352028878e-05,
      5.817091329374358e-05,
      0.00011450475699382824,
      0.00022539339047347913,
      0.0004436687330978611,
      0.0008733261623828437,
      0.0017190722018585747,
      0.003383855153428233,
      0.006660846290809161,
      0.013111339374215656,
      0.025808615404180765,
      0.05080218046913023,
      0.1
    ]
  },
  "meta": {
    "L": 6.283,
    "n": 64,
    "nu": 1.0,
    "omega_rms": 2.1165169526310827,
    "t": 0.0
  },
  "notes": [
    "u not provided: strain residue R(delta)=\u222b_{|\u03c9|<\u03b4}||S|| cannot be computed. Provide dataset `u` for full NS-PCM measurements."
  ],
  "nspcm": {
    "S_eps0": 8.477485692277416,
    "eps0_abs": 0.0021165169526310827,
    "mean_G": 0.8145194644225588,
    "mean_Psi": 0.044902804084827094
  },
  "sublevel": {
    "Q1_grad_omega": [
      0.009859365580792262,
      0.009859365580792262,
      0.01318665749590638,
      0.023262680487711622,
      0.030806517746051695,
      0.04846191595597511,
      0.05980796708289834,
      0.05980796708289834,
      0.10853350201777048,
      0.10853350201777048,
      0.185319015628608,
      0.329697681537697,
      0.329697681537697,
      0.329697681537697,
      0.6457328059276478,
      0.6457328059276478,
      0.857768505887882,
      1.587308518542714,
      2.0122867562076,
      2.583681203869078,
      2.583681203869078,
      4.545348916755497,
      7.1081214599782685,
      9.133079367835265,
      9.133079367835265,
      15.360642514823242,
      22.059488410181146,
      27.775899211635696
    ],
    "Q2_grad_omega2": [
      2.5226685069117363e-05,
      2.5226685069117363e-05,
      4.808007297662914e-05,
      0.00015395894820217294,
      0.00027143609863985064,
      0.0005959370744839134,
      0.0008616778843883807,
      0.0008616778843883807,
      0.003318463144657623,
      0.003318463144657623,
      0.009403978649972668,
      0.02675574260195243,
      0.02675574260195243,
      0.02675574260195243,
      0.10970194392616303,
      0.10970194392616303,
      0.20251023124992054,
      0.6427138137797456,
      1.0155363566414566,
      1.6895067418837584,
      1.6895067418837584,
      5.6707640501939185,
      12.462195890271367,
      20.926685613358224,
      20.926685613358224,
      61.04540215294065,
      122.92448073761759,
      190.37971333935488
    ],
    "R_strain_opnorm": [
      null,
      null,
      null,
      null,
      null,
      null,
      null,
      null,
      null,
      null,
      null,
      null,
      null,
      null,
      null,
      null,
      null,
      null,
      null,
      null,
      null,
      null,
      null,
      null,
      null,
      null,
      null,
      null
    ],
    "delta_abs": [
      0.00021165169526310827,
      0.0002901741950839463,
      0.00039782843878450523,
      0.0005454222649258335,
      0.0007477732059219818,
      0.0010251960791715633,
      0.001405542472537327,
      0.0019269968762490194,
      0.0026419101760547215,
      0.0036220553672758117,
      0.0049658331318451964,
      0.006808150674924162,
      0.009333965596876041,
      0.012796854523880836,
      0.01754447067601978,
      0.024053446159546632,
      0.03297724296356284,
      0.04521175661335475,
      0.061985258692601915,
      0.08498170792271026,
      0.11650980948995852,
      0.15973479516006284,
      0.21899619350958005,
      0.3002434924940903,
      0.41163343225463594,
      0.5643488927676501,
      0.7737215877330756,
      1.0607712764143968
    ],
    "delta_rel": [
      0.0001,
      0.00013709986812211695,
      0.00018796373839101882,
      0.00025769803745148776,
      0.00035330366949927364,
      0.00048437886495410415,
      0.0006640827850634838,
      0.0009104566225437186,
      0.0012482348288165197,
      0.001711328304161781,
      0.0023462288481422623,
      0.003216676656646109,
      0.004410059454176736,
      0.006046185695783263,
      0.008289312615337153,
      0.011364636663857255,
      0.015580901878706048,
      0.021361395927942436,
      0.029286445646252372,
      0.04015167835866747,
      0.055047898078549734,
      0.07547059566968904,
      0.1034700871341199,
      0.1418573530067179,
      0.19448624389373614,
      0.26664038389397127,
      0.36556361467894105,
      0.5011872336272722
    ],
    "m": [
      0.914794921875,
      0.914794921875,
      0.916748046875,
      0.920654296875,
      0.922607421875,
      0.926513671875,
      0.928466796875,
      0.928466796875,
      0.932373046875,
      0.932373046875,
      0.936279296875,
      0.941162109375,
      0.941162109375,
      0.941162109375,
      0.946044921875,
      0.946044921875,
      0.947998046875,
      0.952880859375,
      0.954833984375,
      0.956787109375,
      0.956787109375,
      0.960693359375,
      0.964599609375,
      0.966552734375,
      0.966552734375,
      0.970458984375,
      0.973388671875,
      0.975341796875
    ]
  }
}