{
  "fisher": {
    "J": [
      1.9199208101338844e+16,
      4956873352852064.0,
      1280019126121634.2,
      330597588299828.44,
      85372861759429.97,
      22045984951859.574,
      5694545000153.623,
      1471034407590.2793,
      379949100820.38873,
      98156655114.97629,
      25364481137.419323,
      6553776839.235034,
      1693737780.762387,
      437876792.5829628,
      113207765.15799917,
      29281207.77774825,
      7576797.607271026,
      1961346.1818676952
    ],
    "eps_abs": [
      3.4347025606626653e-07,
      6.760935316053513e-07,
      1.3308356557966583e-06,
      2.6196427860125787e-06,
      5.156555804931238e-06,
      1.0150264727445315e-05,
      1.9979978484610695e-05,
      3.932897820547581e-05,
      7.741592554156987e-05,
      0.00015238701336571842,
      0.00029996156062300517,
      0.0005904501693687653,
      0.0011622535960391508,
      0.0022878025811222643,
      0.004503355092233574,
      0.008864491741589759,
      0.017449037934456842,
      0.034347025606626655
    ],
    "eps_rel": [
      1e-06,
      1.9684194472866114e-06,
      3.874675120456128e-06,
      7.626985859023451e-06,
      1.5013107289081743e-05,
      2.9552092352028878e-05,
      5.817091329374358e-05,
      0.00011450475699382824,
      0.00022539339047347913,
      0.0004436687330978611,
      0.0008733261623828437,
      0.0017190722018585747,
      0.003383855153428233,
      0.006660846290809161,
      0.013111339374215656,
      0.025808615404180765,
      0.05080218046913023,
      0.1
    ]
  },
  "meta": {
    "L": 6.283,
    "n": 64,
    "nu": 1.0,
    "omega_rms": 0.3434702560662665,
    "t": 0.0
  },
  "notes": [
    "u not provided: strain residue R(delta)=\u222b_{|\u03c9|<\u03b4}||S|| cannot be computed. Provide dataset `u` for full NS-PCM measurements."
  ],
  "nspcm": {
    "S_eps0": 28.525562159815127,
    "eps0_abs": 0.0003434702560662665,
    "mean_G": 1.0409149359925092,
    "mean_Psi": 0.06295140643234054
  },
  "sublevel": {
    "Q1_grad_omega": [
      102.6087171279395,
      102.718035521252,
      102.72165331345148,
      102.92775157742575,
      102.9691704116034,
      103.333684089519,
      104.57350304636518,
      104.68551455457157,
      104.68551455457157,
      104.68551455457157,
      104.96373425367278,
      104.96373425367278,
      105.39161231098093,
      106.89279386440892,
      106.89279386440892,
      106.95120262356919,
      107.22349988867991,
      107.68912029122998,
      108.64391994383116,
      109.4505959899199,
      109.51614956559798,
      109.8297709882438,
      110.36666241687755,
      111.49347246996481,
      112.3121490055094,
      112.66107795268215,
      112.99189319687595,
      113.6400354388311
    ],
    "Q2_grad_omega2": [
      2276.299633337161,
      2276.377991743758,
      2276.37809981646,
      2276.7288334709133,
      2276.742998729739,
      2277.84012453918,
      2284.0456494269165,
      2284.1436501817925,
      2284.1436501817925,
      2284.1436501817925,
      2284.6057444200346,
      2284.6057444200346,
      2285.9941009819127,
      2293.9728123040145,
      2293.9728123040145,
      2294.0009821669237,
      2294.567490575333,
      2296.357654401507,
      2301.8977893703054,
      2307.270916237905,
      2307.3063993370292,
      2308.118556752847,
      2310.498692430408,
      2317.3529659043515,
      2322.8871481821343,
      2323.892464595729,
      2324.7961136554186,
      2328.264835115797
    ],
    "R_strain_opnorm": [
      null,
      null,
      null,
      null,
      null,
      null,
      null,
      null,
      null,
      null,
      null,
      null,
      null,
      null,
      null,
      null,
      null,
      null,
      null,
      null,
      null,
      null,
      null,
      null,
      null,
      null,
      null,
      null
    ],
    "delta_abs": [
      3.434702560662666e-05,
      4.708972681055488e-05,
      6.455995335633596e-05,
      8.851161091123685e-05,
      0.00012134930183206712,
      0.0001663697327788737,
      0.00022809268423495423,
      0.00031271476928231923,
      0.0004287315362844424,
      0.0005877903708438965,
      0.0008058598232614844,
      0.0011048327549406211,
      0.001514724249993543,
      0.0020766849491548754,
      0.0028471323266031855,
      0.003903414665035132,
      0.00535157635802254,
      0.007337004129303291,
      0.0100590229853891,
      0.013790907247341886,
      0.018907315648949218,
      0.02592190482014176,
      0.03553889732315507,
      0.048723781362100156,
      0.06680023999154791,
      0.09158304093366992,
      0.12556022834228586,
      0.17214290747110295
    ],
    "delta_rel": [
      0.0001,
      0.00013709986812211695,
      0.00018796373839101882,
      0.00025769803745148776,
      0.00035330366949927364,
      0.00048437886495410415,
      0.0006640827850634838,
      0.0009104566225437186,
      0.0012482348288165197,
      0.001711328304161781,
      0.0023462288481422623,
      0.003216676656646109,
      0.004410059454176736,
      0.006046185695783263,
      0.008289312615337153,
      0.011364636663857255,
      0.015580901878706048,
      0.021361395927942436,
      0.029286445646252372,
      0.04015167835866747,
      0.055047898078549734,
      0.07547059566968904,
      0.1034700871341199,
      0.1418573530067179,
      0.19448624389373614,
      0.26664038389397127,
      0.36556361467894105,
      0.5011872336272722
    ],
    "m": [
      0.974853515625,
      0.975830078125,
      0.976318359375,
      0.976806640625,
      0.977294921875,
      0.977783203125,
      0.979248046875,
      0.97998046875,
      0.97998046875,
      0.97998046875,
      0.98095703125,
      0.98095703125,
      0.98193359375,
      0.9833984375,
      0.9833984375,
      0.98388671875,
      0.984619140625,
      0.985107421875,
      0.986083984375,
      0.986572265625,
      0.987060546875,
      0.987548828125,
      0.988037109375,
      0.9892578125,
      0.98974609375,
      0.990234375,
      0.99072265625,
      0.9912109375
    ]
  }
}